epoch,test_acc,train_time
0.0,45.486111111111114,79.688392162323
1.0,56.94444444444444,78.79934215545654
